{
  "case": "weiyang_ta_8v8",
  "source_case": "8v8",
  "method": "weiyang_ta",
  "seed": 80047,
  "n_offensive": 8,
  "n_defensive": 8,
  "success": false,
  "hit_count": 0,
  "hit_indices": [],
  "hit_step": {},
  "death_step": {
    "0": 1290,
    "1": 1427,
    "2": 1648,
    "3": 1949,
    "4": 1898,
    "5": 2082,
    "6": 1851,
    "7": 1383
  },
  "done_reason": "all_killed",
  "final_step": 2082,
  "final_time_s": 20.82,
  "offensive_alive": 0,
  "defensive_alive": 0,
  "best_agent": 0,
  "best_hvt_distance_m": 1545.7783845096858,
  "min_dist_per_agent_m": [
    1545.7783845096858,
    1576.8015511264448,
    1606.8658607392272,
    1589.654366739229,
    1573.0815434001552,
    1572.5779693914772,
    1583.8665596873898,
    1571.6652389990347
  ],
  "elapsed_s": 26.074469804763794,
  "files": [
    "game_data.npz",
    "summary.json",
    "trajectory_data.npz"
  ],
  "method_notes": "Multi-attacker/one-target encirclement guidance with tracker/interceptor role split and terminal collapse."
}