episode,mean,shadow_lower,shadow_upper
0.00000000,2.57162226,2.57162226,2.57162226
1.00000000,1.78393507,1.78393507,1.78393507
2.00000000,1.33639192,1.33639192,1.33639192
