{
  "timestamp": "20260501_025845",
  "tag": "redraw",
  "model_dir": "outputs/results/fov_penetration/mappo/v69_hybrid_terminal_pn/run1/models",
  "reward_profile": "v68strictpnfix",
  "obs_mask": "v65_strict_los",
  "terminal_guidance": "pn_los",
  "terminal_pn_gain": 8.0,
  "terminal_pn_max_action": 0.8,
  "seeds": [
    1000,
    1001,
    1002
  ],
  "episodes": [
    {
      "seed": 1000,
      "hit_count": 1,
      "hit_indices": [
        2
      ],
      "final_step": 5883,
      "done_reason": "success",
      "min_dist_per_agent_m": [
        74.38692942889988,
        1670.2649193264901,
        4.995491314260179,
        1795.7271373002636
      ],
      "min_step_per_agent": [
        4916,
        2508,
        5883,
        2325
      ],
      "best_min_dist_m": 4.995491314260179,
      "success": true
    },
    {
      "seed": 1001,
      "hit_count": 1,
      "hit_indices": [
        2
      ],
      "final_step": 5455,
      "done_reason": "success",
      "min_dist_per_agent_m": [
        42.73588810203517,
        1791.4810759222294,
        4.640498867486356,
        1702.6260287339303
      ],
      "min_step_per_agent": [
        4960,
        2540,
        5455,
        2356
      ],
      "best_min_dist_m": 4.640498867486356,
      "success": true
    },
    {
      "seed": 1002,
      "hit_count": 1,
      "hit_indices": [
        0
      ],
      "final_step": 7856,
      "done_reason": "success",
      "min_dist_per_agent_m": [
        4.837831129891536,
        1782.1245981079942,
        1808.2259517279826,
        1458.3808829468142
      ],
      "min_step_per_agent": [
        7856,
        2375,
        1839,
        2837
      ],
      "best_min_dist_m": 4.837831129891536,
      "success": true
    }
  ],
  "success_episodes": 3,
  "total_hits": 3,
  "hit_rate": 1.0,
  "best_min_dist_m": 4.640498867486356,
  "figures": [
    "fig01_trajectory_3d",
    "fig02_distance_phase",
    "fig03_speed_heading_accel",
    "fig04_los_guidance",
    "fig05_game_metrics",
    "fig06_breach_geometry"
  ]
}