{
  "case": "dualcl_field_8v8",
  "source_case": "8v8",
  "method": "dualcl_field",
  "seed": 80047,
  "n_offensive": 8,
  "n_defensive": 8,
  "success": false,
  "hit_count": 0,
  "hit_indices": [],
  "hit_step": {},
  "death_step": {
    "0": 2496,
    "1": 2688,
    "2": 2490,
    "3": 3013,
    "4": 2598,
    "5": 4464,
    "6": 2660,
    "7": 6010
  },
  "done_reason": "all_killed",
  "final_step": 6010,
  "final_time_s": 60.1,
  "offensive_alive": 0,
  "defensive_alive": 4,
  "best_agent": 7,
  "best_hvt_distance_m": 11.93248941365833,
  "min_dist_per_agent_m": [
    1599.3333450605533,
    1715.2944245768476,
    1818.7219990447386,
    1846.7734003328303,
    1837.8926931439514,
    1139.8070570389718,
    1831.7147750029767,
    11.93248941365833
  ],
  "elapsed_s": 56.36345291137695,
  "files": [
    "game_data.npz",
    "summary.json",
    "trajectory_data.npz"
  ],
  "method_notes": "Recent multi-UAV PE potential-field evader component adapted to HVT attraction and defender repulsion."
}