{
  "timestamp": "20260501_145607",
  "tag": "hourly",
  "model_dir": "outputs/results/fov_penetration/mappo/v69_hybrid_terminal_pn/run3/models",
  "reward_profile": "v68strictpnfix",
  "obs_mask": "v65_strict_los",
  "terminal_guidance": "pn_los",
  "terminal_pn_gain": 8.0,
  "terminal_pn_max_action": 0.8,
  "seeds": [
    1000,
    1001,
    1002
  ],
  "episodes": [
    {
      "seed": 1000,
      "hit_count": 1,
      "hit_indices": [
        2
      ],
      "final_step": 5867,
      "done_reason": "success",
      "min_dist_per_agent_m": [
        65.07165918984127,
        1645.3367394892769,
        4.715332043326109,
        1773.8326652206454
      ],
      "min_step_per_agent": [
        4899,
        2499,
        5867,
        2391
      ],
      "best_min_dist_m": 4.715332043326109,
      "success": true
    },
    {
      "seed": 1001,
      "hit_count": 1,
      "hit_indices": [
        2
      ],
      "final_step": 5431,
      "done_reason": "success",
      "min_dist_per_agent_m": [
        32.89402793647003,
        1756.2418205486524,
        4.6431996225862,
        1680.1471437842085
      ],
      "min_step_per_agent": [
        4931,
        2701,
        5431,
        2422
      ],
      "best_min_dist_m": 4.6431996225862,
      "success": true
    },
    {
      "seed": 1002,
      "hit_count": 1,
      "hit_indices": [
        2
      ],
      "final_step": 7362,
      "done_reason": "success",
      "min_dist_per_agent_m": [
        13.760406707067787,
        1754.8872935017775,
        4.5244929105490845,
        765.1114056289296
      ],
      "min_step_per_agent": [
        6400,
        2513,
        7362,
        3890
      ],
      "best_min_dist_m": 4.5244929105490845,
      "success": true
    }
  ],
  "success_episodes": 3,
  "total_hits": 3,
  "hit_rate": 1.0,
  "best_min_dist_m": 4.5244929105490845,
  "figures": [
    "fig01_trajectory_3d",
    "fig02_distance_phase",
    "fig03_speed_heading_accel",
    "fig04_los_guidance",
    "fig05_game_metrics",
    "fig06_breach_geometry"
  ]
}