{
  "case": "split_risk_8v8",
  "source_case": "8v8",
  "method": "split_risk",
  "seed": 80047,
  "n_offensive": 8,
  "n_defensive": 8,
  "success": false,
  "hit_count": 0,
  "hit_indices": [],
  "hit_step": {},
  "death_step": {
    "0": 1389,
    "1": 1492,
    "2": 1636,
    "3": 1959,
    "4": 2073,
    "5": 2173,
    "6": 1856,
    "7": 1370
  },
  "done_reason": "all_killed",
  "final_step": 2173,
  "final_time_s": 21.73,
  "offensive_alive": 0,
  "defensive_alive": 0,
  "best_agent": 0,
  "best_hvt_distance_m": 1524.1599156791399,
  "min_dist_per_agent_m": [
    1524.1599156791399,
    1571.758246218291,
    1610.4472579746973,
    1582.169814560131,
    1558.4989115863762,
    1548.010747538449,
    1581.0081528977828,
    1589.0900804105559
  ],
  "elapsed_s": 26.492098093032837,
  "files": [
    "game_data.npz",
    "summary.json",
    "trajectory_data.npz"
  ],
  "method_notes": "Aerial-swarm risk-taking/risk-averse split attack pattern adapted to HVT penetration."
}