{
  "case": "6v6",
  "episodes": 1,
  "success_count": 1,
  "success_rate": 1.0,
  "elapsed_s": 63.31734108924866,
  "summaries": [
    {
      "case": "6v6",
      "seed": 60031,
      "episode": 0,
      "model_dir": "outputs/results/fov_penetration/mappo/v71_locker_obs/run2/models",
      "clone_map": {
        "0": 0,
        "1": 1,
        "2": 2,
        "3": 3,
        "4": 0,
        "5": 1
      },
      "n_offensive": 6,
      "n_defensive": 6,
      "success": true,
      "hit_count": 1,
      "hit_indices": [
        4
      ],
      "done_reason": "success",
      "final_step": 5637,
      "final_time_s": 56.370000000000005,
      "offensive_alive": 1,
      "defensive_alive": 1,
      "best_agent": 4,
      "best_min_dist_m": 4.829653500749692,
      "best_hvt_distance_m": 4.829653500749692,
      "best_min_step": 5637,
      "min_dist_per_agent_m": [
        1399.5572358428278,
        1739.6887622336985,
        1706.660405662737,
        1694.5263836993413,
        4.829653500749692,
        1566.1632540403446
      ],
      "hit_step": {
        "4": 5637
      },
      "death_step": {
        "0": 1747,
        "1": 1628,
        "2": 1684,
        "3": 1975,
        "5": 1867
      },
      "files": [
        "game_data.npz",
        "summary.json",
        "trajectory_data.npz"
      ]
    }
  ]
}