episode,mean,shadow_lower,shadow_upper
0.00000000,1.83789074,1.83789074,1.83789074
1.00000000,1.83782108,1.83782108,1.83782108
2.00000000,1.83728483,1.83728483,1.83728483
