episode,mean,shadow_lower,shadow_upper
0.00000000,0.36410494,0.36410494,0.36410494
1.00000000,0.89069397,0.89069397,0.89069397
2.00000000,0.93517241,0.93517241,0.93517241
