case,success_count,mean_hit_time,max_delta_t,mean_min_miss
case1,20,21.810000000000002,0.9499999999999993,7.431584801754079
case2,20,21.8275,1.25,7.6569058749611205
