algorithm,display_name,seeds,last200_mean,last200_seed_std,mean_900_1000,mean_1000_1200,mean_1500_1700,mean_1800_2000,delta_1000_to_final,cv_mean_last500
Advanced-MAPPO,RTA-MAPPO (Ours),5,493.84174752,38.81943787,455.53150864,480.96275202,490.17571804,493.84174752,0.02677753,0.04671669
MAPPO,MAPPO,5,419.52935892,83.40535004,408.55666714,409.12131374,415.93701132,419.52935892,0.02544000,0.05007539
IPPO,IPPO,5,350.34743922,96.41250290,273.17418478,288.03989726,293.55682752,350.34743922,0.21631567,0.10238737
IA2C,IA2C,5,393.72253293,63.43171874,240.24711311,261.84553372,357.15005279,393.72253293,0.50364426,0.08063406
IQL,IQL,5,364.26240589,35.30292883,264.66159307,283.98075429,357.63771234,364.26240589,0.28270103,0.08804045
