{
  "case": "garcia_bddg_8v8",
  "source_case": "8v8",
  "method": "garcia_bddg",
  "seed": 80047,
  "n_offensive": 8,
  "n_defensive": 8,
  "success": false,
  "hit_count": 0,
  "hit_indices": [],
  "hit_step": {},
  "death_step": {
    "0": 1384,
    "1": 4169,
    "2": 2044,
    "3": 2223,
    "4": 1809,
    "5": 2300,
    "6": 2058,
    "7": 1422
  },
  "done_reason": "all_killed",
  "final_step": 4169,
  "final_time_s": 41.69,
  "offensive_alive": 0,
  "defensive_alive": 0,
  "best_agent": 1,
  "best_hvt_distance_m": 547.3757209748103,
  "min_dist_per_agent_m": [
    1523.7927401858237,
    547.3757209748103,
    1569.541475498914,
    1580.2180431988468,
    1765.6265882101209,
    1621.5305971592147,
    1571.927253335446,
    1575.2983970734024
  ],
  "elapsed_s": 34.128597021102905,
  "files": [
    "game_data.npz",
    "summary.json",
    "trajectory_data.npz"
  ],
  "method_notes": "Apollonius aimpoint state feedback adapted from N-vs-M BDDG to an HVT-centered border frame."
}