{
  "case": "10v10",
  "episodes": 1,
  "success_count": 0,
  "success_rate": 0.0,
  "elapsed_s": 51.49674415588379,
  "summaries": [
    {
      "seed": 100015,
      "episode": 0,
      "success": false,
      "hit_count": 0,
      "hit_indices": [],
      "done_reason": "all_killed",
      "final_step": 2198,
      "final_time_s": 21.98,
      "offensive_alive": 0,
      "defensive_alive": 0,
      "best_agent": 0,
      "best_min_dist_m": 1476.161372502203,
      "best_min_step": 1619,
      "min_dist_per_agent_m": [
        1476.161,
        1685.978,
        1564.901,
        1637.741,
        1621.713,
        1675.191,
        1617.206,
        1643.885,
        1787.581,
        1647.761
      ]
    }
  ]
}