{
  "case": "6v6",
  "seed": 60015,
  "episode": 0,
  "model_dir": "outputs/results/fov_penetration/mappo/v71_locker_obs/run2/models",
  "clone_map": {
    "0": 0,
    "1": 1,
    "2": 2,
    "3": 3,
    "4": 0,
    "5": 1
  },
  "n_offensive": 6,
  "n_defensive": 6,
  "success": true,
  "hit_count": 1,
  "hit_indices": [
    4
  ],
  "done_reason": "success",
  "final_step": 4956,
  "final_time_s": 49.56,
  "offensive_alive": 2,
  "defensive_alive": 2,
  "best_agent": 4,
  "best_min_dist_m": 4.599779213868396,
  "best_hvt_distance_m": 4.599779213868396,
  "best_min_step": 4956,
  "min_dist_per_agent_m": [
    1470.0956716361593,
    1583.603543955581,
    2234.169016373804,
    2252.0921140295113,
    4.599779213868396,
    1682.36287087867
  ],
  "hit_step": {
    "4": 4956
  },
  "death_step": {
    "0": 1839,
    "1": 1545,
    "2": 4163,
    "5": 1787
  },
  "files": [
    "game_data.npz",
    "summary.json",
    "trajectory_data.npz"
  ],
  "deployment": {
    "nx_agents": [
      0,
      1,
      2,
      3,
      4
    ],
    "nx_ips": [
      "192.168.47.101",
      "192.168.47.103",
      "192.168.47.104",
      "192.168.47.105",
      "192.168.47.106"
    ],
    "local_agents": [
      5
    ]
  }
}