case_id,group,param,value,num_seeds,episodes_min,final_mean,final_std,auc_mean,auc_std,relative_final
base,base,base,base,1,2,35.01008916646242,0.0,35.01008916646242,0.0,1.0
w_angle_0p5,reward,reward_w_angle,0.5,1,2,43.533139396458864,0.0,43.533139396458864,0.0,1.2434455447820172
w_angle_2,reward,reward_w_angle,2.0,1,2,17.963990103453398,0.0,17.963990103453398,0.0,0.5131089503382879
w_coord_0p5,reward,reward_w_coord,0.5,1,2,31.516625080257654,0.0,31.516625080257654,0.0,0.9002155044623166
w_dist_0p05,reward,reward_w_dist,0.05,1,2,11.443153372965753,0.0,11.443153372965753,0.0,0.3268530199553908
w_dist_0p2,reward,reward_w_dist,0.2,1,2,82.14395586401224,0.0,82.14395586401224,0.0,2.3462938204310904
w_hit_0p5,reward,reward_w_hit,0.5,1,2,35.01008916646242,0.0,35.01008916646242,0.0,1.0
w_hit_2,reward,reward_w_hit,2.0,1,2,35.01008916646242,0.0,35.01008916646242,0.0,1.0
