metric,value
episodes,4
initial_reward,27.4091474711895
final_reward,28.548737056553364
best_reward,30.791605822741985
last_window_mean,25.432050693780184
